id,article_id,text,context,gold,predicted
"111111134:945:984:Name_Calling,Labeling",111111134,totally false and deliberately libelous,"paign seized on the emails to undermine Trump’s rival, Hillary Clinton. The Guardian, which did not identify the sources for its reporting, said that Manafort met with Assange “around March 2016” — the same month that Russian hackers began their all-out effort to steal emails from the Clinton campaign. In a statement, Manafort called the story “totally false and deliberately libelous” and said he was considering his legal options against the Guardian. “I have never met Julian Assange or anyone connected to him,” Manafort said. “I have never been contacted by anyone connected to WikiLeaks, either directly or indirectly. I have never reached out to Assange or WikiLeaks on any matter.” Assange’s Ecuadorean lawyer, Carlos Poveda,","Name_Calling,Labeling","Exaggeration,Minimisation"
"111111134:1415:1514:Exaggeration,Minimisation",111111134,willing to bet the Guardian a million dollars and its editor’s head that Manafort never met Assange,"er met Julian Assange or anyone connected to him,” Manafort said. “I have never been contacted by anyone connected to WikiLeaks, either directly or indirectly. I have never reached out to Assange or WikiLeaks on any matter.” Assange’s Ecuadorean lawyer, Carlos Poveda, said the Guardian report was false. And WikiLeaks said on Twitter that it was “willing to bet the Guardian a million dollars and its editor’s head that Manafort never met Assange.” It later tweeted that Assange had instructed his lawyers to sue the Guardian for libel. The Guardian cited two unidentified sources as saying Manafort first met Assange at the embassy in 2013, a year after Assange took refuge there to avoid being extradited to Sweden over sex crime allegations. The Guardian said Manafort returned there in 2015","Exaggeration,Minimisation",Doubt
111111135:1929:2341:Appeal_to_Authority,111111135,"Edward E. Curtis IV, the author of “Black Muslim Religion in the Nation of Islam,” said that while estimates ranged wildly about how many bona fide members belonged to the Nation, he believes that there were tens of thousands of members in the 1960s and early 1970s.
But he said that millions of others sympathized with the movement’s anticolonial stance and were inspired by its most famous member, Muhammad Ali","Nation of Islam? The Nation of Islam is a political and religious movement that was started by W.D. Fard Muhammad in 1931 and continued by Elijah Muhammad in 1933. It first became prominent after a man named Malcolm Little joined the organization. Encouraged by Elijah Muhammad, he changed his last name to X and became a minister in the movement. Edward E. Curtis IV, the author of “Black Muslim Religion in the Nation of Islam,” said that while estimates ranged wildly about how many bona fide members belonged to the Nation, he believes that there were tens of thousands of members in the 1960s and early 1970s. But he said that millions of others sympathized with the movement’s anticolonial stance and were inspired by its most famous member, Muhammad Ali. Who is Louis Farrakhan? Born Louis Eugene Walcott in New York in 1933, Mr. Farrakhan joined the Nation of Islam in the mid-1950s and rose quickly within the organization, becoming close to Malcolm X. After the assassination of Malcolm X in 1965, he became one of the most powerful members of the Nation and its chief spokesman, the position that M",Appeal_to_Authority,Causal_Oversimplification
111111135:3045:3084:Loaded_Language,111111135,outspokenly and flagrantly anti-Zionist,"lm X had held. The Nation of Islam had gained followers around the nation in the 1940s and ’50s by providing something of a religious answer to antiblack racism. It was not widely recognized as an anti-Jewish organization during its early years (its early literature, though, focused on “the white man” as “the white devil”). But in 1967, it became outspokenly and flagrantly anti-Zionist, in an expression of solidarity with Palestinians. That political position became a vehicle for Mr. Farrakhan to express his anti-Semitism. (Among his more infamous comments is his 1984 description of Adolf Hitler as “a very great man.”) In 1975, when Elijah Muhammad died, the Nation split into two factions. The faction reconstituted under Mr. Fa",Loaded_Language,"Name_Calling,Labeling"
"111111135:3262:3319:Exaggeration,Minimisation",111111135,his 1984 description of Adolf Hitler as “a very great man,"ation during its early years (its early literature, though, focused on “the white man” as “the white devil”). But in 1967, it became outspokenly and flagrantly anti-Zionist, in an expression of solidarity with Palestinians. That political position became a vehicle for Mr. Farrakhan to express his anti-Semitism. (Among his more infamous comments is his 1984 description of Adolf Hitler as “a very great man.”) In 1975, when Elijah Muhammad died, the Nation split into two factions. The faction reconstituted under Mr. Farrakhan in the late 1970s retained the original name, though not the influence or support that it had when its leaders were Malcolm X, Muhammad Ali and Elijah Muhammad. Mr. Curtis said that today the membership could be in the thousand","Exaggeration,Minimisation","Bandwagon,Reductio_ad_hitlerum"
111111135:4583:4590:Repetition,111111135,condemn,"oved troublesome to his 1988 campaign as well. He was back in the news in 1995 when he organized what became known as the “Million Man March,” a political and religious revival event in Washington. Why were Tamika Mallory and Danny Davis reluctant to denounce him? Ms. Mallory, who declined to comment for this article, did not respond to calls to condemn Mr. Farrakhan, for whom she had expressed admiration in the past. On March 3, she said on Twitter that someone had brought to her attention that she had yet to tweet “my absolute position on how wrong anti-Semitism is.” A day later, she said that she was “committed to ending anti-black racism, anti-Semitism, homophobia & transphobia,” but did not",Repetition,"Name_Calling,Labeling"
111111135:6524:6539:Loaded_Language,111111135,make me shudder,"ad kept the photo under wraps so as not to hurt Mr. Obama’s candidacy. (Mr. Muhammad, in a 2012 blog post, said that he was an admirer of Mr. Farrakhan and that the minister was not an anti-Semite. He reaffirmed that he admired Mr. Farrakhan in an interview on Friday, though he said that the things the minister says about Jewish people “sometimes make me shudder.”) Katie Hill, a spokeswoman for Mr. Obama, said on Friday: “President Obama has denounced racism and anti-Semitism his entire life. That includes his public and repeated repudiations of Louis Farrakhan’s views over the years. Today is no different — he still rejects the harmful and divisive views Farrakhan continues to espouse.” Representative",Loaded_Language,Doubt
"111111135:7009:7036:Exaggeration,Minimisation",111111135,an “outstanding human being,"s entire life. That includes his public and repeated repudiations of Louis Farrakhan’s views over the years. Today is no different — he still rejects the harmful and divisive views Farrakhan continues to espouse.” Representative Davis, who was interviewed by The Daily Caller, a conservative news site, after the photo emerged, called Mr. Farrakhan an “outstanding human being,” and later said he was not bothered by the leader’s position on “The Jewish Question.” After a monthlong backlash about that interview, largely in conservative media, Mr. Davis said in a statement to Forward on Thursday that “I reject, condemn and oppose Minister Farrakhan’s views and remarks regarding the Jewish people and the Jewish religion.”","Exaggeration,Minimisation",Loaded_Language
694327499:110:142:Loaded_Language,694327499,the old reliable “mistranslation,"Wait! Wait! It’s all a MISTRANSLATION! Thus, it took more than a year-and-a-half for the Factory to roll out the old reliable “mistranslation” defense to explain away the infamous paragraph 303 of Amoris Laetita (AL), which reads as follows in the official English translation on the Vatican website: Yet conscience can do more than recognize that a given situation does not correspond objectively to the overall demands of the Gospel. It can also recognize with sincerity and honesty what f",Loaded_Language,"Name_Calling,Labeling"
694327499:1366:1501:Causal_Oversimplification,694327499,"All of the critics of AL are wrong—every one of them!—because, you see, the original Latin text does not say what the English text does","moral teaching, has justly provoked a storm of criticism from lay and clerical defenders of the authentic Magisterium. But it’s all a misunderstanding, say Dr. Robert Fastiggi, professor of Systematic Theology at Sacred Heart Major Seminary, and Dr. Dawn Eden Goldstein, S.T.D., professor of Dogmatic Theology at Holy Apostles College and Seminary. All of the critics of AL are wrong—every one of them!—because, you see, the original Latin text does not say what the English text does. Dr. Robert Fastiggi and Dr. Dawn Goldstein Here we go again. So what does the Latin say? Here is the paragraph in the official Latin: Haec autem conscientia agnoscere potest non modo statum quendam ab universali Evangelii mandato obiective dissidere; etiam sincere honesteque agnoscere poteste quod sit liberale responsum in praesenti Deo reddendum",Causal_Oversimplification,Doubt
694327499:2798:2874:Loaded_Language,694327499,And that is exactly the nonsense Fastiggi and Goldstein expect us to swallow,"ifference. But just a moment: how can objectively immoral behavior ever be characterized as an “offering” to God? It would seem the Latin version has graver implications than the English because it suggests that falling short of what the moral law requires is an oblation pleasing to God if one’s “limits” make obedience to the moral law difficult. And that is exactly the nonsense Fastiggi and Goldstein expect us to swallow: “Pope Francis is not talking about an offering of an objectively sinful action but a gift of self that moves toward God and the objective moral norm.” So, our intrepid presenters of What the Pope Really Means® would have us believe that objectively immoral behavior, which is the best one can do according “the “concrete complexity of one’s limits",Loaded_Language,Appeal_to_fear-prejudice
"694327499:3032:3055:Name_Calling,Labeling",694327499,our intrepid presenters,"the moral law requires is an oblation pleasing to God if one’s “limits” make obedience to the moral law difficult. And that is exactly the nonsense Fastiggi and Goldstein expect us to swallow: “Pope Francis is not talking about an offering of an objectively sinful action but a gift of self that moves toward God and the objective moral norm.” So, our intrepid presenters of What the Pope Really Means® would have us believe that objectively immoral behavior, which is the best one can do according “the “concrete complexity of one’s limits,” is no longer simply objectively immoral behavior but rather a gift of self because it moves toward morally licit behavior. Fastiggi and Goldstein have managed to make the problem","Name_Calling,Labeling",Flag-Waving
"694327499:3656:3688:Name_Calling,Labeling",694327499,all those ignorant critics of AL,"use it moves toward morally licit behavior. Fastiggi and Goldstein have managed to make the problem even worse in their attempt to explain it away. What about the English locution “while yet not fully the objective ideal,” which seems to reduce the negative precepts of the natural law to mere ideals? Not so, Fastiggi and Goldstein contend. Do not all those ignorant critics of AL know that the Latin text employs the phrase “obiectivum exemplar,” which, translated literally into English is “objective exemplar.” They declare triumphantly: “The Latin term exemplar does not mean an unattainable ideal, it specifically means a pattern or model to follow.” Give. Me. A. Break. A pattern or model to follow is an ideal, as a standa","Name_Calling,Labeling",Loaded_Language
694327499:4811:4934:Causal_Oversimplification,694327499,all the tumult triggered by AL is just a misunderstanding caused by uninformed people who haven’t consulted the Latin text—,"s all men—including Thou Shalt Not Commit Adultery—then basic morality becomes a kind of heroic virtue. Thus, continence cannot realistically be expected, at least “for now” (AL 303), of the average Joe or Jane with an “ex” who has “remarried” and is now mired in the “concrete complexity one’s limits.” So, as Fastiggi and Goldstein would have it, all the tumult triggered by AL is just a misunderstanding caused by uninformed people who haven’t consulted the Latin text—including those ignorant Vatican translators. According to their proposed “alternate translation” into English, What the Pope Really Means® is that objectively immoral behavior one feels unable to correct due to one’s “limits” is “the offering that God himself is asking amid the mass of impediments, although it may not yet be the perfect objective",Causal_Oversimplification,"Whataboutism,Straw_Men,Red_Herring"
694327499:5950:6079:Loaded_Language,694327499,But such embarrassing truths need not impede the Bergoglian Mercy Train as it barrels toward a train wreck at the end of the line,"” reduces the avoidance of adulterous relations in “second marriages” to the “perfect objective model.” Now, how could anyone but a Pharisee expect perfection from people living in adultery? Are you perfect? Then again, the Pharisees are precisely the ones Our Lord condemned for accommodating divorce and remarriage in violation of the natural law. But such embarrassing truths need not impede the Bergoglian Mercy Train as it barrels toward a train wreck at the end of the line. And Fastiggi and Goldstein are busily helping it along, changing red signals to green. No problem here! has been the mantra of the neo-Catholic establishment for nearly half a century of ecclesial auto-demolition. But wait, there’s more! Our dynamic translators even provide their own dynamic interpretation of AL to mean that the “offering” to Go",Loaded_Language,Doubt
"694327499:6320:6343:Name_Calling,Labeling",694327499,Our dynamic translators,"g truths need not impede the Bergoglian Mercy Train as it barrels toward a train wreck at the end of the line. And Fastiggi and Goldstein are busily helping it along, changing red signals to green. No problem here! has been the mantra of the neo-Catholic establishment for nearly half a century of ecclesial auto-demolition. But wait, there’s more! Our dynamic translators even provide their own dynamic interpretation of AL to mean that the “offering” to God of which Francis speaks is merely the decision by a divorced and “remarried” couple with children not to end their relationship, which would be the “perfect objective model,” but rather to “live in continence until they may—after the hoped for declaration of nul","Name_Calling,Labeling",Flag-Waving
694327499:9630:9695:Appeal_to_fear-prejudice,694327499,"In a sense, what Bergoglio is doing is worse than explicit heresy","ors in the Vatican and various dioceses is exactly what he was aiming to achieve from the beginning of the whole synodal charade, which was merely a vehicle for promulgation of AL. As Shaw observes of AL: “What we [the signers of the Correctio] are saying is that it has become clear that orthodoxy is not what Pope Francis wants us to find there.” In a sense, what Bergoglio is doing is worse than explicit heresy, which could at least be readily identified and denounced as such. But Bergoglio wants the effects of heresy—undermining Holy Matrimony, Confession and Holy Communion, whose integrity is affirmed verbally—without the guilt of an explicit promulgation. In so acting, he is very much in the mold of Honorius I, who was posthumously anathematized by an",Appeal_to_fear-prejudice,"Exaggeration,Minimisation"
"694327499:11470:11661:Name_Calling,Labeling",694327499,"the humble apostle of mercy depicted in his carefully crafted public relations narrative, but rather a cunning ecclesiastical politician, constantly plotting and scheming to get what he wants","d this after also humiliating Burke as the spiritual patron of the Knights of Malta, to which he was exiled after his removal. Will this sop buy Burke’s silence, staving off the feared public correction? We will soon know if the Cardinal can be bought so easily. But this move demonstrates—if more evidence were needed—that Bergoglio has never been the humble apostle of mercy depicted in his carefully crafted public relations narrative, but rather a cunning ecclesiastical politician, constantly plotting and scheming to get what he wants. That the neo-Catholic establishment refuses to recognize the grim reality of this unprecedented pontificate is but another page in the long annals of its shameful defense of the indefensible to the detriment of Holy Mother Church.","Name_Calling,Labeling",Doubt
694327499:11720:11770:Loaded_Language,694327499,the grim reality of this unprecedented pontificate,"ht so easily. But this move demonstrates—if more evidence were needed—that Bergoglio has never been the humble apostle of mercy depicted in his carefully crafted public relations narrative, but rather a cunning ecclesiastical politician, constantly plotting and scheming to get what he wants. That the neo-Catholic establishment refuses to recognize the grim reality of this unprecedented pontificate is but another page in the long annals of its shameful defense of the indefensible to the detriment of Holy Mother Church.",Loaded_Language,"Exaggeration,Minimisation"
696694316:603:661:Loaded_Language,696694316,very dirty and unappealing water under the Catholic bridge,"as actually present in the consecrated species. Having been raised in Remi de Roo’s Victoria in the 1970s, I had naturally never heard anything at all about the Eucharist. The understanding that Catholics believed what they believe about it came as a bit of a shock. (Read the full document here. ) With the hindsight of 52 years and a great deal of very dirty and unappealing water under the Catholic bridge, we can see it as a kind of warning prophecy. Published just three months before the close of Vatican II and just as Annibale Bugnini was cranking open the floodgates of his never-ending stream of liturgical alterations, Mysterium Fidei is now an important marker of a critical turning point in Catholic history, perhaps the most important of modern",Loaded_Language,"Name_Calling,Labeling"
