id,group_id,text,actual,predicted
0097eeca66d3a0e0832664948aa60e1e8fa0567d4f64eaa6a8d477e324c410da,69bb1eb0a481a0b29c5440c2,The Carole King,concert,theatre
0102645008bb3a0a378424b345b7253c6275376a8c6fc7c42cd3981bf549d6ee,652eb5ca374460fe1c2bf916,St. Louis Symphony Orchestra - Live at the Pulitzer: Program 1,theatre,concert
01d94593ba4755f41b6573b6cd253538302aa2fc69754bed37baa645374220cc,5d6445620d39b5003965d052,T.J. Miller,stand_up,concert
01f709e87c9c8e2abedfc3af13b6b3a294ad602aa6c5ce8df996960253d40247,56e73f99f80c4150b1000003,Bob Dylan,concert,stand_up
02934f0c09530a61c36ce00fd5ef3a31625a8d9e3a76a71c67888b1ebab976e6,66479f3f41d6116558731d26,Classic Albums Live - Billy Joel The Stranger,concert,theatre
030946f5533b419918d273cf520a3e01db2fd8f4edd1d8bbde78e23dd93fdca6,5a997c61266a5f0012e626fe,Les Miserables,theatre,concert
037beaafcba0557f52ab74e511f39be2906744cd333d06ee6f582718c141bc96,589381fdf80c416d3efbbbcb,Periphery,concert,stand_up
03cd1e220514c97c2ccc74f858e3b4bcd018c7b57eefa58eeabd3216f3d43c30,6a95e2ffbdb4c36745da7183,Dub Club Presents: Clinton Fearon & Boogie Brown Band,concert,stand_up
08ce20ac1339c0d1bea446d9fe96c8acf28c516405882cc17bef1354113b0bc8,687fd3204c303a32bc667256,Nico Moreno,concert,stand_up
094aa51fd156b59ed701c5844763dd75edb730c86306a217ff95a594364d1dd2,66170b79973cd4bbd9e230e1,Cousin Tiera,stand_up,concert
098d3c7ec904df8b22b5b2c08223840ac1b9dccb11604002df179842eb14d303,58503298f80c416f65722aa2,Lionel Richie,concert,theatre
0bbac8ab4a0d408dd7c8a52d876c75d06b975eed525b0ae35e68df9f8302299e,5db1cc27757b190035b891e5,Richard Marx,concert,stand_up
0e6ab865a5b150bb1b75b1f4acc186e3ad44ad9ec3a486a8db62bf351229273b,6a4e845e9459c15937c34d28,Chonda Pierce,stand_up,concert
0ff5a507045e955b231ed251648334815f74f7a069bb3f385a2c4feee093e8f9,667eddf0be7ed3ecad317ace,Moein,concert,stand_up
108bf36f188537ebe89630704f15c022aa8baaa2c02fe659c087d5eac87869cc,65721b71a9fbb664339de690,Justin Silva,stand_up,concert
13552bb8389cfebc732e1a3db9c2f8763c30c0d36ab2815a50cbba1b49fb6e78,6aa1a5fad4964f0b1e45603e,Singalong Broadway,concert,stand_up
148bd3fdbb83f84886f4ea7898d4540eb5c446981ef51a4120982fcd673a7373,5822480df80c4152d5486cd5,Wicked,theatre,concert
156c43362b41755ee06514d7dca49ccfa5411b079390a6d929b040acf0715d3c,6a6bcb83bf0adc0a23166133,Splou Yorkcity,stand_up,concert
15707a829d4300974d0dd257a6f3deb2eacadf3fe88fd71d776de18809a44aa0,5b0ec24d3e87a70012bd5a62,Chris Webby,concert,stand_up
158139504bef72d753d59e85b7babb01cdeebea3984e8f146cc2b668cd8bafaa,6580c0bfbfcf8d7dd21ae818,Michael Nau,concert,stand_up
176c24e5f57d0a07d796902fca8b0c319b1639bb26f0a8bf570813e0c0c216e0,5dbca4541a1d270038367675,Gary Owen,stand_up,concert
1992ffad69bb859a90fac305ad88c38d19d98689c74688c5d778efbb2626c5b6,5893890ef80c41071cc6440c,Fortunate Youth,concert,stand_up
19d5cb90d508df339b175d4555287e98f76b3d4f3464ff2cb576c5194ac91319,6a3c3c5c28702f0ce34de1f4,America 250 in Concert Hosted by George Hamilton Featuring Brian Stokes Mitchell,concert,stand_up
1b2473b24720d9db8fb64f9d5af588ecb2bad436b0da101cef79d2443986bef0,5b4f7def7f8de800125c1aa5,Anthony Jeselnik,stand_up,concert
1d709f72ff800268e98bce0115443a0b2b2d1e68e4c8434e59e9b9a1e3ddb408,5a9db45c6900da0014856291,Rock of Ages - A Tribute to the Legends,theatre,concert
1ec0a1b36230ada4553fa196fc45e62030a43902861de63b559d7ee34fd7a4ad,6a90725f36014bc0854f1451,Maher Zain,concert,stand_up
204cd02e1996b6202d19a667edc004f13a72db945242d203f84cfdb6e392869d,5cdaef88d5eee80015f4528f,Daniel Sloss - Bitter,stand_up,concert
207c6ccedd81eeda891d69dd3fe6f8a55e5861efd6f67fa5d994c4c13eecbe8c,626ab019b0ebe50001c4c765,Miel San Marcos,concert,stand_up
21f783a228067a0d855462ef544ab89cc4f7112caeede1c286e3813e72f21796,64265fe24919200001bc9381,Laura Pausini,concert,stand_up
224589ebd9f219ab47eeec491c0153ad68a7ccd6fc2305c7baebaec236b372e9,5943155e25f2c514f0b9dd90,Deer Tick,concert,stand_up
2311fb87acf654cfe07070bd5df49f13afd1f05f8596b4064f5237b892e99a5f,68a8bd26ae31bfe0ba3aeeea,Lucky Boys Confusion,concert,theatre
246d6f7ac705ad322f130ace8ed1b56c3dc225414882e4c87c6ded0e9e47d11a,65b13dfc306508bb7e0f2b2e,RuPaul,theatre,concert
2706a634de961b22d70ca078249bf6271a2bdc9ccff7ccbc98ecb98a5ae9d671,66fefc373975ab4aab0868a9,Jim Henson's Labyrinth,concert,stand_up
29baff9b610e34122949c9a92c0b44f8549ea65c19444eb40179244059cce978,6781631bffa72984ff900e44,Operation Mincemeat,theatre,concert
2a24cc9253fa7a9f71f2bb186e2ddc2d499aad13a79f3f79086d010c98264e66,5a997c61266a5f0012e626fe,Les Misérables,theatre,concert
2b1cef5bc980a240a1c300958c59f04f5cf62002d7c950946355511499e5b326,655e3e5c99f9fe46d047ab18,We Three Kings - The Irish Dance Christmas Sensation,concert,theatre
2cb0d1c4626442b6f4d2b3f4beaaee90bd42d1e4668b81504e8588beaafd796e,6a6792d0c90c0b2a9e054a2c,Rob Landes,concert,stand_up
2d8d2b759e6693803808b2f50fdb2f67938130926ef837c206ae4f82b1ac516a,585979cbf80c415ff8b1b698,Whitechapel,concert,stand_up
32033b27e0178f85e6cf34c9fa4437a49f628fbabfb8721e9ff57f2f42fe72dc,6966d49e69e3f3082552afa1,Dear Maryanne,concert,stand_up
33e7eedb1d840a34315d26c4d8969d188942af207277eded68ef615cde88e4e6,6a4d87c9fe11e47b9e49e1c5,Joe Pug and Willie Watson,concert,stand_up
3489d0751963e5e981e47465a06e145950655283e2fb2931e4fd65df1f57967b,67803bf35ffbadbb5201e5f6,Bruce Liu,concert,stand_up
34ac7451de482dfb549c0db80bebc2ff82b42aa16971999ff12835b6abe0870a,65f3552ca1ee24094ad90821,Aaron Lee Tasjan,concert,stand_up
34ecc39fc30fec5c7e7bbbf44831d8b148d2a9717dc50327cda5ea7e27ad1f25,6527f81073e1670baacb1369,Akaash Singh,stand_up,concert
363e8ff395beab2f0b41d92a107f32563dc9a7e5e9f9f112d2dd459e0a283922,69c463ca639f735e6cad0592,Mariachazo,concert,stand_up
36f947c78328b5026c05dddacc8943202abdc9707cb6f3ba9ee1f4b42791ee56,6585d25d498ee2b0e3c8b247,The Rock Orchestra - Arena of Fire,concert,theatre
3763f89f1eaf2a5791cc763f5429faad91bf353843de103e1cc3f62f60f8ba8c,59dd13e625f2c52a47c78c06,Franco Escamilla,stand_up,concert
38093f1882990c7a0dc05641c8dcca32cbb2ae41cfdc0c3bc85144e8e6f3644d,65a6e48d083acd359102533f,Suffs,theatre,concert
3a5ca72981c38f8cf97bb73d9760fcd82b2880e31c3dcd48e7e31da9b058a486,58a7935bf80c41494ff7ce4a,Jamey Johnson,concert,stand_up
3c414f1f8baa2dd01c12c2e2f32bc319293de80a8382ad56dd1917a94819a051,67f592e65a9790227ff3b1b1,Masood Boomgaard,stand_up,concert
3c76c9ef0c456198d7c3b4751f890ed0eaa07f8b4cc52ccf4adc692b82917f91,688a8d1022ac64b824d64646,Paris Chansons,concert,stand_up
3d46f30a58e0453ef8b405c1c31fa9f0b6e9132ed1cbba558c9a3b3750e14905,65f3508068ddd63d8d0ffe3e,Chris Smither,concert,stand_up
3d4fb4ff7581ff1a2bfee15e6bf7c11a270674cfaeb97a02f96b35565ac6e401,63dc017269dad30001d18b55,Francis Ellis,stand_up,concert
3e2df0b6883c8fe5fa032510db52f8cb9270d06a3577069c24ae27adfa318c18,62fc036cffa0930001a9cebf,Ariel Posen,concert,stand_up
4016c3db3bc3c731a4148022f43ebd6d4422b77976763135b9d9afcb9b71b2c1,5631bb0ff80c41790b000002,Muse,concert,theatre
40eeb6fa09b600837a0126105f175321310cabd212ed53267f5869c3fdff542f,57e1b1faf80c412189d55c52,Eric Hutchinson,concert,stand_up
41e552aa6b68c04015dec09d2c0f9c9cc98b1872f8b66a5214c7371b1e7c85be,57a4dc3bf80c41746dca2323,Marillion,concert,stand_up
43821701d8b9928460ce16965fab1e06df02e2a722baab9764b02e17b77d8478,5b0ebf47897aa80014c6683e,Ashley McBryde,concert,stand_up
44592354bc401695eae94d0d66ae4a609c204cee113d7527690257579d7852c4,61b7dfdeda94e400011f2841,Sammy Rae,concert,stand_up
45b77a188e1d2648559dcf32b5737e214e09226f71ac6904ea50393a3c6c77da,5b8ef089f25864001230213b,Desert Dwellers,concert,stand_up
46352264e173ae0788dc3dc0197151f29cc46af5f1503011e919d7c9cdb71fc0,5b219bcc3c9bb20013d169d4,Derek Hough,theatre,stand_up
46497eba130c2f1b626942d5e45257bdb042d8871bb4785ae93b5155e9c0a137,5823759df80c415625c237a0,Hamilton,theatre,stand_up
4c2329f1b5b2fa1e8db8bfc0287ea7a185dc049d7da12fcd0dc2ba3468756212,66639679823f585f742b1736,Boy Golden,concert,theatre
4d2fd0262343b31d2f4103f0bc288f6fb5a1a1c68565b75b8566e0a2a830b603,673fc202a107144efff9a03c,David Nail,concert,stand_up
4dff91438ccda3e662982f88b81f96fba41f1004abbcd5621b6ecb02ef09fde2,658374ccec297748a497ddb6,Sam Tallent,stand_up,concert
4f97232a5512bdad1e339cde91505927039a3808097924004789d760eb41ab31,6aad5f6088650199bd9bf8f3,Roomful of Blues,concert,theatre
501b501089ac6eb04d17a1a0b9b6e79c295a6a74bf28e19f859c7dbd7659bce0,6a6a54d76f00b55ef18ee6f8,Late Night In the Main Room,stand_up,concert
51d8bfc1e64dbba2d8d265592bcc10d8433931d96ade4cc049fbb3c58999ddad,61645f764e1a2700011e95bf,Darren Criss,concert,stand_up
54829f6922561d82b1f8a2e67cf7fadbdf0a8004fef38eabd6f96405443b8530,6499b4c431a04e0001b9b865,Zoltan Kaszas,stand_up,concert
54a88bbe296901e05a3b4c8a664057129630cfc8f178b47a24c46a6fcaf27f87,5a99a153ccb7ce0014f78794,Rick Steves Europe - A Symphonic Journey,theatre,concert
56e5a15777c80c4accdb74ac4e35dd36a67027cc787e24a7fe5f3a5f55173642,65a95aefc62a8197e2774bd9,Frost Children,concert,theatre
57797a3c075c15e8dd35ba7fa9d1c96e28cc3adffcd1e76c29dc788befbf0cd1,592eeda625f2c5276f0128e2,Bryson Tiller,concert,stand_up
579cbd107edd1794fa37e53976d217b10adabe74719dc8ff0f190e2359b10fdb,65551aa6612562e0cc661cef,Eli Brown,concert,stand_up
5857a460095ca26c252f3ac6c097f552e2814f255c2ee5b475c7ccda9ce54959,6a90b6cfdba461efd194920d,Joey Cash,concert,stand_up
589484ccf0b7a68a89ab0224fddf3bf807f1fa080a5d75f9a31aec7ce24d7db2,61fc5af48e648a000188cae4,Josh Wolf,stand_up,concert
59555c28f6facbb02dd89ff60745310cbd1ce29c8e20b45e5357efe049724d1e,5cdb0debb5507e00173945f5,Jay Leno,stand_up,concert
5c4acb36bcae0defe2cd31abd702308111631fd5bb242c61e93b4cb03966c3c8,6578ebab25c7ed9b1537da10,Absinthe,theatre,concert
5d1029c1eba3553b5052367d6f9a8a613fb457f8dc98f22d5a672aff243d9ce5,6a444243d5b3180e279af1a8,The Black Queen - Fever Daydream 10th Anniversary,concert,theatre
5d8f655810137b53d3dac6ee50f276b670c6224bc97d781e6955a99ca34646c1,5b219bcc3c9bb20013d169d4,Derek Hough - Dance for the Holidays,theatre,concert
5f8db89689ab56e20232822def9d24bd8ddfceb1b77026e732a7b0f1057b8b09,563ce934f80c415792000002,Odesza,concert,stand_up
5fd407b5ce540eea6161693ed142b316eee5b637fc8e482915b88278123059b1,677c4d4937f50f5d9d3e9c5c,Terry Fator,stand_up,concert
60775c639c4ca3c54dbfbb0b658b9ea04207e9669c9d61a998a2a039215aaf55,64e51de75083c00001d7767e,Little Image,concert,theatre
6096cbdb2b90192ce751b4ac6494ce263fe99986af82808186775cf96d367432,622bb9bba75ce80001398ef2,Bruce Hornsby,concert,stand_up
60cd9070db6c72bac9a781b5eff1917567499d8b592061e8866a29df0c0bf87e,6aa2d5e94ccb9a1ab262f33e,Spirit of America,theatre,concert
620d1083792aa32be3c94e52a2c9a354a69bce336181a356c22b6c0b557b5b5f,62d88f2d01e7ec0001192b3b,The Kitchen Dwellers and Dogs In A Pile,concert,theatre
6393f21ac3977cdfc97b596a4cb3364c3f1496ca082df8683921325207a270ab,64076fdcc748ec00015b79c6,Benson Boone,concert,stand_up
64d0b8c9584d8b213e33c58bd877aa91b7e7b671e616794ea032cf086168a897,64c439cb65878b0001a3e05c,Higher Ground,concert,stand_up
6578b4a76f714305f8cd0cb9709d9aaad956ebc8f6e634139c6aa390a0bdbb5a,652eb5ca374460fe1c2bf916,St. Louis Symphony Orchestra - Live at The Sheldon: Brass Trio,theatre,concert
66ed0f2a4a7e6657a675195aff430a1c54461ba03cca7f183ada5221c9e9c011,646cfd354449f90001c7b5ff,Atsuko Okatsuka,stand_up,concert
674c1356b2e0208d835cb3bd840ab600e95989cf5a6a044c0fe52060e0176d38,62d88f2d01e7ec0001192b3b,Kitchen Dwellers,concert,theatre
67736f93ce859bddf2bae8403247ab11c21c40d520534167c94d1e9936d26fbb,6a877dcbefe63ba9c078e794,Daniela Mora,stand_up,concert
6901d05a2b4b9c700d0c3513a31f25def4b735b49697d465e1523d9765ec81f5,61e9e10439f4c7000178cbd0,Rickey Smileys Karaoke Night,stand_up,concert
6a9b846ea37680ffde0a16b9a1ae234ae418442851ff9d1ebc61bab13a5ae4e0,59c451ae25f2c53bd9404126,Steven Wilson,concert,stand_up
6badec290ed587e3291c19053fedf8f7dc6a293f2cd3065cc861aaaa1d972f3b,569fdf93f80c4107cf000004,Natanya,concert,stand_up
6c7f7d421a70ed48a06878b2ea600a9f711b9ecfe58766c32f4a6d316df0b59b,6a84a2efdd21a76a1669cd8a,Ira Glass,theatre,concert
74ae2a07a1f6fe68b1d44726421a44a35f743fc565f4a3f9f5af862f865319eb,5a99a153ccb7ce0014f78794,Cats - The Jellicle Ball,theatre,concert
752ffb3c0ab18cbd3c0125c1432af029575b95414f9225a410233b3729c43d56,62a7ba2f01d53100019bc1e4,NOTD,concert,stand_up
754959da862c54c63d6e45733b87c314b6b2708c1594190fd43605d9b378c5ac,59dfb15f25f2c5105f665a6c,Alice Cooper,concert,theatre
75db4325af31c6bddd52345123c43514479008c3a6d11a762418762b66292b09,622fc9945651e30001d6d165,Bryan Callen,stand_up,concert
75f744470f7e474295f9a55de52ba637737ea1638a14d54fda4d84d75ac1a0a0,652eb5ca374460fe1c2bf916,St. Louis Symphony Orchestra - A Salute to America,theatre,concert
7677cf9eb477c2edf13695387b0f3c96aaff853136e1cbff7de0ec307e757fec,63a0d9d161b59e0001157a9a,John Cameron Mitchell - Hedwig 25th Anniversary Movie,theatre,stand_up
7728876e71de8a5a29c37c9e56cb4832d8e83c9b11ba5d5b80c97cbb0acdaf79,61aa870a60915e0001f1016f,Craig Shoemaker,stand_up,concert
7810b30f93f200501a8fa34eac6a150526f798dc7e70a340cf8b9a33168a6943,64c3f2dab0ec6000018422cc,Jon B.,concert,stand_up
7857801ec2c7e57c6243e4e60c6aea38b84e6f75f73c65a0aee653d3cc1b408a,658c6eed71b106d7496c0a41,Laugh Factory,stand_up,concert
79648183530ff7c5bd27b9d110fb17980272a0cfb0c37e31350ed61bcf0d96b7,66e086e72b1cd154c925567c,Othello,theatre,concert
7b918a0e4d9059da0551ff5c9245074143267faf31ab5fecd1284a059d04a147,5a99a153ccb7ce0014f78794,Battle of the Big Bands - Glenn Miller vs Tommy Dorsey,theatre,concert
7bf38810827f6f873489315d3d4b8af473278220d198e6e740733cb17bc9e614,5ba407882f0648001322b7d5,Charlie Parr,concert,stand_up
7c066b9189a8fc471fc57cb83a16398835474d6716dd7bda77ece01fb39860a0,65b9d4ffaa9b770f9754707f,Henry Cho,stand_up,concert
7c1f01072b623d8777a82dbf21bb7b27aa050c3558b3ed4f1e4b320e63b5d9d9,595fbb3225f2c52889295bee,Chris Botti,concert,stand_up
7d3cc87eb09361068fcfea8ce1d372c847ff19d2b112181ab019aa95bf4eae80,6351c01d86146c0001884ffb,DC Young Fly,stand_up,concert
7d653754b6de23953ff7b19be83afbe00a029a2849f6e1107ff83b69bf565424,62d88f2d01e7ec0001192b3b,The Kitchen Dwellers,concert,theatre
7e330d931b87f03326375caefdcfdefac03164403312b8ff5bf09b9fcd1f0cf0,65b977c239e21fd436bbe2e8,The Great Gatsby,theatre,concert
7e33c5c42420923732e8a7c2d42524ca38107c3e934d4ba3b11556ddf2bc2ad3,58addbc7f80c417b5c52e5a1,Chris Brown Official Afterparty,concert,stand_up
7ec0fe9272b236babe1778d57ad71ebef199e59a46c08a945ed0e95ce45f3baf,67b4ecbb42115155aa84be12,Brutalismus 3000,concert,stand_up
815cfe18dc1dec915acc3d12687bd378fec0ede76b381d08edd49587bb5b6db3,65c58b0abd67323124a38aa4,Comeback Kid,concert,stand_up
849aafc0c844d59ac4cf1b60bdc5d40fc8d7596c5d5243408185ac137ee3da47,652eb5ca374460fe1c2bf916,St. Louis Symphony Orchestra - Rachmaninoff and Tchaikovsky,theatre,concert
865940ccbe3dd4da96594535ce29bae54aba098bd2c13c2d3052c4724dde78f1,6283d59f316da8000172b863,Erra,concert,stand_up
86fe1d00b15b817758937bd8703ad253e4c33b0a14e54cb9ad68cbf4b0a75b9e,663d32717b629ef9f5ec4c17,Brad Upton,stand_up,concert
87ce80fc67c9f5a075a4d64182d99585b2a36e7224c84376af4b69d71718b744,652eb5ca374460fe1c2bf916,St. Louis Symphony - Echoes of America,theatre,concert
8b925bf023cb9ec36f864d1a2e1dec684bea0048448a8a3456f431c47e29b0c3,6aa1a5fad4964f0b1e45603e,Sing-A-Long Broadway,concert,theatre
8cdcf8cce072e59b68bb9b7c5946b1af53f1c6dfb6e7e7e19b79de6d4aac8140,6a9b2b7287cc02ac29bc3e8e,Karen Rontowski - Psychic Stand Up,stand_up,concert
8cfe27ae30b5674d256d16d20d743380598fbe118e56f47e2039be2664633541,6a90756d867f74dd3024a2d1,Taste of Chaos,concert,theatre
8ecb887b55460043012d0e221f513f093f4484bc77c0f9aa5b4226bb40fc6236,63978a40343de10001d138ae,Karlous Miller,stand_up,concert
8fb2181a5f59ddd012bc444db8b0aa7ad54135b3512a1b1a080e20e5ad5ad994,5dbca4c17c70c000347ffab0,Arnez J,stand_up,concert
9489345062a32217b9c7f4f852db0cf1e9a3c82f324a95cc705779c060d5ffed,61ddcd64f2ced90001ff2a47,Jake Johannsen,stand_up,concert
969bef30547f9f7997fc01a9e03a89e95a6c827f92ee672b86835cc953e8506e,686d850d1e214f09b82dc27e,Blake Whiten,concert,stand_up
9732425e7facedd86d98b67c49be8c8c56fa2d5ada343f61390799ed06af22b9,5bad1f5b0997e60013ee387f,CKY,concert,theatre
994fc87f57c84b8626617ad8d3f743122fdb8ac58a51c57bc10528231fa9c22d,66b28fc58f03a9fe74d8f02f,Bell Biv DeVoe,concert,stand_up
9b192f7fc44cb670e6bf2a15763b1510e4c4f26537ac29a2b8bf7af97a3ab58c,64ee2d696834560001098f27,Todd Barry,stand_up,theatre
9dcd6d522677ce11c2ff015cb77f83c1fc25f8a00309d104ee44518db8b18310,643478e122509500014be658,Don DC Curry,stand_up,concert
9f356191f2a8af352e825a0d8987a0c36e1f86816fd6cce1b71d19553afff465,6aa05e6846a89b9f956f4d23,Los Parceritos,theatre,concert
9f9e274cac79af02d2f462d7bed9930881a953ba5fd27ef90ebef9055d37870f,6a877fd09e87fd1ba65a5839,Dan Whitlam,concert,stand_up
a24618d8d03a74e1ad229460dfa39990fbd17667aeb7ee66761b698eb5f23290,5b4775c8c3c8f60018e4bcfd,Jorja Smith,concert,stand_up
a2f5024b7d1a3cbda91b926731c6b96ea48d00c270da074559e0c1a733864860,64d54f257fa3aa0001045338,Josh Thomas,stand_up,concert
a30ebb35b0f89d45dfda844378d3d2d4eb4f03da45f12f212cd134afb857195f,5e1cd8c1a71fd2003b36d405,Jay Pharoah,stand_up,concert
a3b61c42ed893b73cb8f401f1d4d1ac20f2b46cb0c479187990fd2feaecad1e3,65f1f0b79b5cfecb4d36e3d8,Cindy Kaza,stand_up,concert
a4f190a1a93e2b646e94e3727b74f10d9e116997b5a5afddee7392bb7664a495,6a3c3c5c28702f0ce34de1f4,Americas 250th,concert,stand_up
a60614d5f4a3ec5435693bcfd4017a881b7b0a9d8a50329621c443925ff20e95,5cdaef88d5eee80015f4528f,Daniel Sloss,stand_up,concert
a688c284f7d459f51d10c411d1aea76651caee465cdbac87a94f8605f0f67266,65e623eac74fe7a33131164a,Maggie Rose,concert,stand_up
ac020dbc2e9e02a4c606461be893a302528bb0b917707ccc26bf743de28ffd66,59dd13e725f2c52a47c78c08,Todd Rundgren,concert,theatre
ac0a953d6542c7b40dbc12d3f8f62afd78244d38770ac2ae019b1f7c38dd6382,678185b500697b8c5ee6dc1c,Capone,stand_up,concert
ac67fbaaeaaed93fcc9ee4b39d363578247cb08c3815db973659a446abe32f8c,657ca57d88bf0d7e78307ecb,Atlanta Symphony Orchestra - Rocky In Concert (50th Anniversary),concert,theatre
acd2b024e3009f44a1623e0067e0d69d7308d18b73ceeccdd55651db6984a3ac,6a95e556da5cf7a74e81b0e8,Bruno Pelletier,concert,stand_up
aed3f625674d98e39b3b238b2e922d0c138ccf485e686fac6b9065f5f6f08f9d,61ddfa20f2ced90001ff2a4b,Big Jay Oakerson,stand_up,concert
b33447c42f00d3b9f698b9243e13ed628a127845c4ffaa4382ff23b72bfca462,58a48d26f80c412774a77326,Jason Isbell,concert,stand_up
b3b1cbcb469ddd275e44ef52431b9bb56e49558e42b21366f960a246590532a6,6543e66dd7dc2f4450c8d388,Comics Come Home,stand_up,concert
b4a41d4ebf1db0e0b0484f0848278fae020a955ecc68d585237b16ee404d0cd3,632e28208f7750000177aeda,Anthony Rodia,stand_up,concert
b76e56f08a878b74c9beed3daa46b78de3506831163682cfbfc0877187e46daa,57b5dee7f80c41264bb99864,Charlie Puth,concert,stand_up
b784c631f7b3f4a64c338560cd63e21fcda4ff32df295c116b21c583a7dc9273,57d1f0adf80c4160ea1dcb3e,Good Charlotte,concert,stand_up
b98edc20ccf86f4c04cb1f98ddb88906eef9c3c997205f27557d722664c8cbc4,6101c6f833cc9e00012f7dc5,Cheap Trick,concert,stand_up
ba431296c31a45e52b7e18ba418e73a7cd2980b14d6b32a84c024fd13ec6ae1f,66034776dead64f0a00b1639,Ian Asher,concert,stand_up
ba527c1e15e05db0e0b01093c4001384712e3c61d1bcbf882db90c2e5168bd38,62f3f70f4a70e20001a5dc4e,Kameron Marlowe,concert,stand_up
bfc5e596037047283707d52f50cd02f8502ab8d3a7e54772ee0812678f67d2bb,63a0d9d161b59e0001157a9a,John Cameron Mitchell,theatre,stand_up
c1362be3ed3969bb8bc856559870c2007f5daf17eb36d25fbed149838c9859b4,64ee1f276834560001098f25,Crankdat,concert,stand_up
c168564032c9041b7537b69b4feef190f1bfb9238f1fde9764803774e8901210,61a679b92d54c50001607829,Blue Rodeo,concert,theatre
c170d86be3ded048f27a9e511b6538b6f432fc65c5b3399b04f2bf6af45c2689,5822480df80c4152d5486cd4,Finding Neverland,theatre,concert
c21f3ce3ed7780cfb1526eb8d5c145d34f854b11d5f118bb9555169ef52b2523,647a3133b86c2800016119ae,Jamie Lissow,stand_up,theatre
c22d905fbea7980ba20ec1a2787490c4cd889a1c62de7a73c44b432b0a506de7,673fba4873abf3b13feaad0b,L8nite Feat. Brandon Hahn,stand_up,concert
c23d6f724b6e9b33f972149fb231457e8e2575829df8effa35a7df3fc94ac412,58a48d29f80c412774a77327,Jack Johnson,concert,stand_up
c29fbaa84a708f213aa59cb4bb385b02b27e3e91918a475dcd86b9554f86fb9c,67be31baff933e091ef6b658,Neal McCoy,concert,stand_up
c2d94f1bf10271dc891be56008b62423a2fc094dc118dc6ed3cfba49668908c8,681924e31139195e8336276e,John C. Reilly,concert,stand_up
c389f574d582744de0be9dfe8ae8cb839ecf2bd97a37761b271062b51edf45bf,6740e89a4a75fcfaf22afc8b,Ca7riel & Paco Amoroso,concert,stand_up
c5c9fbc232aa3f1a9c80993414baf03d2f123b6f208f9c37c5a2de36d7759ca1,6a7e3c77a89042f1b6786f89,Alex Reymundo,stand_up,concert
c73303c2c1b12533429d5495523d7136656853a688f6c69b949c22e3eddeb591,622fc9945651e30001d6d165,Bryan Callan,stand_up,concert
c8dfd81386e657e0cb84f406c18b60ab043820c807135ba984afe557efd58380,629e643001d53100019bc164,Anthony Hamilton,concert,stand_up
c91054416d120a627491c4fa64531130d5f754ab49ceb8ce081d38e732fe9812,6288056e4f680d000161db28,Adrienne Iapalucci,stand_up,concert
cd77de7a7f0ef804fa8002bf088d388279e5f7549dd5f3255bf44cc02ca88d35,63cb0f9c159c5100011e4bdc,Ugly Kid Joe,concert,stand_up
cf00d8c04df21d43fd900090a6d989243586fe2298b17847ab4745f9b6f8e435,6598984f42e6143ed7dca65f,Saxsquatch,concert,stand_up
cf4612d5220db35bd94ee1a2b8295072624bccd71e31b63c1e9f16be7947cf42,632ce69d4e227c0001ffc186,Montell Fish,concert,stand_up
d0067f247ed9e1377dd6080186809562fb20eeb911f217a125f9061f7cb93479,6a6792d0c90c0b2a9e054a2c,Rob Landes and Marcus Veltri,concert,stand_up
d01f339eb3f2095946af3dafd250fbec1b8d31d7952d91ffa095f9db70ac9ef4,61d347b3a016490001846795,Kellen Erskine,stand_up,concert
d0ac5439daf34aa79c0573dc29273db691c3c557508113a786d6609bd2a3490e,5a6929be25f2c52fa4fb4b56,Andre Nickatina,concert,stand_up
d46df609033c10626fba84940516c7ca7e8678d4ba5ecf7b6e5d2cc8a09c152e,65e64ab7d6746180bb697149,Jason Derulo,concert,stand_up
d471dbf2319307950f93bc6c32313f81f4dd3939a842c006b5d2f6884f3d7619,65f9c6dd7d16055ba1c44265,BashfortheWorld,concert,stand_up
d54e7a2ae830cf6b07dd9da4f797720e32cca91938fb5e4261e2af4deef13f9f,66170d27b468be4a200d5153,Eric Roberson,concert,stand_up
d579702aa74a3d8a08350ab6467969c81268635dbca019f442540b55adfc3821,6a594786d9794f67dc81a69b,David Wilcox,concert,stand_up
d6187c482114a388a79d0d5de794339e8249cc17e108e88c9262f4b331872ea1,65aa9c28418ee45ba736ca3c,Alfred Robles,stand_up,concert
d7f3a9bba53661fe9fe09ef6fffe4aa3d72ae813feb6bce5f6c969d6e012e52f,5bfdb3f96754a2001665e771,Dillon Francis,concert,stand_up
d85732786ee10037c4e9ec94c5594537bfc665cb2ae45ac6df2930373ba36c61,5c8945e6e8e75a00189ca6ae,Bill Callahan,concert,stand_up
d9495c4327d9523f8a5f072ea031cb98cc96789547583dd1ab35750773177012,6a6792d0c90c0b2a9e054a2c,Marcus Veltri and Rob Landes,concert,stand_up
da28de29af7cbf704384228f1dd0a5090efd13c4998e98438d59798991231782,67c224a67efe10a44c12b5a9,The Debaters,stand_up,concert
da4f2c81aa182d2c92ff19ba98d5a9a3857f41011ce75bc0b623d508f9909193,6a7f64854187aff9065632c7,The Empire Strips Back,theatre,concert
dce7feb98d00e301e5914f55952e65b7d1469791d1e0b6530718e1f98a95dfe2,65739463d937b893a8034110,Jay Jurden,stand_up,concert
dd0ecd41da90a7ebf0c7e2f42f7d84e717ef71752e6c0bc23d9a6782f79ff3e3,6a4fe99be8aa6c507b45c705,The Billy Joel Legacy,concert,stand_up
de4763a9187a744b197d1a025d9d21327579e5d96a0086e9ba4408445ab4c590,5b61e6310e84fa0012a03157,Andre Rieu,concert,stand_up
de75a72ddc9c768320b65aecfe129844f00d50e55ce49b4a3f18501cbd1832bc,5d7b91668898eb0036c7fac4,Lukas Nelson,concert,stand_up
de799c5ebe88a1f05fc4aa75121058f65ca95254acb1544aa4ca629e7428bb8a,65b2df950a38821a8a849a30,Dylan Marlowe,concert,stand_up
df0b2cee4e0f7fdb5b51a1cc0f8a7669bb26c7aa9082b14a60a32e0c4f0a9b26,5a5fca9a25f2c562d7021681,Cinderella - The Panto,theatre,concert
df900fbfd07543fc6296f50c3a7f42bccba7263dd09095e6a03485e69f2c6ee3,58addbc7f80c417b5c52e5a1,Usher and Chris Brown,concert,stand_up
e352eb49ab5bc16ef57a19a4a55dea12cbb3127140fee9f9a56fb3c77c151f63,6a9b2b7287cc02ac29bc3e8e,Psychic Standup with Karen Rontowski,stand_up,concert
e44f62c32999fb5cc298fe58c8117ad1a636d4163e6b5a4c51d423742cebad13,6781631bffa72984ff900e44,Young Peoples Concert,theatre,concert
e47e1d33e14171e20b941104f5a0bb8fd082a00d54c5ec1f13e7727de2927aba,5b0ed3ec10b18e00122a950c,Magic City Hippies,concert,theatre
e702fd827251b4360f6338cf3bd0797540931689bdd26a3f7ebb1a1e08654362,67c8c79d3cb2c788c2f03776,V-The Ultimate Variety Show,theatre,concert
e7a97a4ac88d251a0fc3de82b11d33b1181bb97106b90245bfddbad9d0e40123,6a7b63a383f1d7df3969764b,Candide,theatre,concert
e98ec5f33dc3a1a9ec8139d56bd8fd4195cad4ae253e030cce6ba66e1caf5a1e,6838ceaaf967570afe423582,Ethan Regan,concert,stand_up
ea24f024e2357510631a9f3ab5056e4adb6672a58f319317fcd1f9d94e80d63d,5772fbc7f80c417e2d0a182b,Garth Brooks,concert,stand_up
ea2831c8e1e453092a030a9f68500bfbc887e62d75f3406977cd083b70b91452,6192acc0002d1b0001a4d9cb,Russell Dickerson,concert,stand_up
eb4a676f099963ad936e09d9e70c4409c0e64b093df476bb95df18070b85c983,5dbc9fc25d6c8600373c70c3,Paula Poundstone,stand_up,concert
ec562d5b5fe1a43b37d82427e5edebf246d56a08847ed0c8725bcc614ddfae3f,6aa2efec8bea0a3d39bbf3c6,Udit Narayan,concert,stand_up
ed718a069432bca5ec399be155f3e3442c92914d85dd6d3aebbfd753e239ccb4,6aa2e130ba828236bd90a899,Jimmy Webb,concert,stand_up
ef75735b54b7388ff15e1ad00dc37f8a27c9d4ef1839e7ceb9ecee68b073b547,6aa1a5fad4964f0b1e45603e,Sing Along Broadway,concert,stand_up
efb1af1804bffabf9999c344ca5d697b82573f03a99534dd89642e52f08c40c6,68938329ce22461eeef25b8e,RNBX Live,concert,theatre
effab2459cd165a97f777772620213a057460a8c6c13af4663d5d2899310f1e5,66143e6e7075dfb129917722,The Musical Box,concert,theatre
f006ac0f63d1f73e3d0fa3547428be03353744e4eebd4c59b4e0f6b8803c5a22,652eb5ca374460fe1c2bf916,St. Louis Symphony Orchestra - Shostakovich's Eighth,theatre,concert
f109b5c8d2e59b2375d05efaea8dd1b91636a8b06af9db15d185e8d0688e37ba,65f4b4ff1fd642635637bf33,Purple Reign - The Prince Tribute Show,theatre,concert
f2e9cf40f3b270b8cfae5ba16608f022e7d0eba15dd69b6f60f6652c0be08497,5c81736610267b00155777fa,Preacher Lawson,stand_up,concert
f300ffeb008a43c68f2e35e710f7ffb3ea7f4c17493de2043a2f78c1ea9ab01c,664e5cbae209545748cff2a5,Marcus Miller,concert,stand_up
f307c8a46b6d6158cc13274bef799b96f53b0de8325bed7ee1d09c0824435fc3,6712f0a469f75df0b74ad24b,Amble,concert,stand_up
f35c44256ba0db6d05d44f5ccb9c20414b477ce8b2782b5f09ee907f9e618e1d,6a95e2ffbdb4c36745da7183,Clinton Fearon,concert,stand_up
f3686fb04d0c3f7971027cbcd689417984643683a3cc1f8287f6d0073a07dd8b,69c56905da840adf908e7bd2,John Milton,theatre,stand_up
f37cb9171920cb71b8d9a97260b5aaa83733c125c24f6a2c4226d597297cfd38,6aa843f9d05fb54fcceecd8b,Matt Lang,concert,stand_up
f4008afaf8392a9bab1a43f66a4526dec6feb1e3b7647c1d1cb67677c869605f,646ceb68fb5653000157ab24,King George,concert,stand_up
f46ea455fce4e7c033d364f531d212ddff7a6fa832523f645c369f1cf03cdf40,64cd7d0edd46ff0001d98f08,Zarna Garg - Million Dollar Excuses,stand_up,concert
f79d73982c3c12e46381d7ef382e79a4b9f7116365ea901a847de495c05fecfe,69e95abb37fcf30bcd45a1a0,Wuki,concert,stand_up
f8c66098a0cb82b58b1b9cc938aeaa359737815ff16481840cadf99b6731e417,62851269fdbada00010c6d46,Adam Ray,stand_up,concert
fb5fbdaaafbccdcfba811350ea1a78305e5d1e43f289f3942d39c1a3b29f7109,57a509b6f80c415e9a858eec,Joe Bonamassa,concert,stand_up
fc033cc347265c50d268492156144e452aca6ec0978f9489a2df9ebbe449016d,6362d8b72445cb0001312ec1,Alvaro Diaz,concert,stand_up
fd8e8f4a1a7458f715f5829707ca77354b8810aa08d3ca618a261264bd9e5915,65f28e3dc8e05a650233e197,Craig Conant,stand_up,concert
fe36945600cd6285bda85155972af3ad4aaef7727df851f3c5604bdb1d14db4f,63d15ddaeca4af0001160846,Sicard Hollow and Squeaky Feet,concert,theatre
fe41cc968e9814f57a3ee64b85ab0aed868716cca839edbd3b783753be55b3fd,5a611a5925f2c558ebe0da14,Ripe,concert,stand_up
fee81e4dcf3b35318c7b7db88c31e21c118e1f7d898e3ee3fc11ecddba4618f4,57e16ddef80c4114ce71760a,Aaron Lewis,concert,stand_up
ff298e4c4f975caa25114d524167027dd47275f4bf7e414fce87b993ad12d058,65833108a04651ccb82f1ae6,Concrete,stand_up,concert
ffa8396952e3a0ea24e019bdba60744cb3b022816cd0d6de91a949144c7c51a4,66db69274a7c7d5ae0775026,Awakening,theatre,concert
